abn.group,Y,Construction
abnconstruction.com.au,Y,Construction
abngroup.com.au,Y,Construction
abnhomecollective.com.au,N,Construction
abnrealty.com.au,N,Construction
apghomes.com,N,Construction
apghomes.com.au,N,Construction
axiomconveyancing.com,N,Legal
axiomconveyancing.com.au,N,Legal
bluebayfinance.com.au,N,Construction
bluebayhomeloans.com.au,N,Construction
bninvestments.com.au,N,Construction
boeingp.com.au,N,Construction
boeingplumbing.com.au,N,Construction
boutiquehomes.com.au,N,Construction
boutiqueproperty.com.au,N,Construction
celebrationhomes.com.au,N,Construction
celebrationhomeswa.com,N,Construction
concretus.com.au,N,Construction
csol.com.au,N,Construction
dalealcock.com,N,Construction
dalealcock.com.au,N,Construction
dalealcockhomes.com.au,N,Construction
dalealcocksw.com.au,N,Construction
gohighlevel.com,N,Construction
hipointroofing.com.au,N,Construction
home-collective.com.au,N,Construction
homeassist.com.au,N,Construction
homebuyers.com.au,N,Construction
homebuyerscentre.com.au,N,Construction
homebuyerscentre.com.au,N,Construction
kanyinicapital.com.au,N,Construction
moretocelebrate.com.au,N,Construction
myhomeplan.com.au,N,Construction
ownitperth.com.au,N,Construction
pactconstruction.com.au,N,Construction
parcelproperty.com.au,N,Construction
resolvebroker.com.au,N,Construction
resolveconveyancing.com.au,N,Legal
resolvefinance.com.au,N,Finance
resolvefinancialplanning.com.au,N,Finance
resolvehomeloans.com.au,N,Finance
resolvesettlements.com.au,N,Finance
rmhcwa.org.au,N,Construction
shorecapital.com.au,N,Finance
themaker.com.au,N,Construction
wbhomes.com.au,N,Construction
wbn-homes.com.au,N,Construction
wbnhomes.com.au,N,Construction